{
  "generated_now": [
    {
      "filename": "video_tiktok_4cacdc9a12.mp4",
      "title": "Automação com Python no trabalho #952",
      "description": "Video sobre Automação com Python no trabalho. Plataforma: tiktok.",
      "tags": [
        "Produtividade",
        "shorts",
        "viral",
        "tips"
      ],
      "category": "Produtividade",
      "duration_seconds": 73,
      "resolution": "1080x1920",
      "created_at": "2025-08-10T01:39:28.322858Z",
      "platform": "tiktok"
    },
    {
      "filename": "video_youtube_9f026a23d0.mp4",
      "title": "Automação com Python no trabalho #589",
      "description": "Video sobre Automação com Python no trabalho. Plataforma: youtube.",
      "tags": [
        "Produtividade",
        "shorts",
        "viral",
        "tips"
      ],
      "category": "Produtividade",
      "duration_seconds": 77,
      "resolution": "1080x1920",
      "created_at": "2025-08-10T01:39:28.323099Z",
      "platform": "youtube"
    }
  ],
  "list_total": 2
}